t,subject_bid,user_win_flag,current_payout,total_winnings
2.0,0.3499999940395355,True,0.41999998688697815,0.41999998688697815
4.0,0.3499999940395355,True,0.4300000071525574,0.8500000238418579
6.0,0.07000000029802322,True,0.4300000071525574,1.2799999713897705
8.0,1.0,False,0.44999998807907104,1.2799999713897705
